timestamp,buy_exchange,sell_exchange,buy_price,sell_price,profit_percentage,net_profit
2025-04-11T17:51:37Z,Binance,Kraken,63828.3694,74466.4310,16.2471,10380.6205
2025-04-11T17:51:41Z,Binance,Kraken,62866.0727,73343.7515,16.2471,10224.1190
2025-04-11T17:51:41Z,Binance,Kraken,62866.0727,73343.7515,16.2471,10224.1190
2025-04-11T17:51:42Z,Binance,Kraken,62866.0727,73343.7515,16.2471,10224.1190
2025-04-11T17:51:42Z,Binance,Kraken,63125.8378,73646.8107,16.2471,10266.3654
2025-04-11T17:51:43Z,Binance,Kraken,63125.8378,73646.8107,16.2471,10266.3654
2025-04-11T17:51:43Z,Binance,Kraken,63125.8378,73646.8107,16.2471,10266.3654
2025-04-11T17:51:44Z,Binance,Kraken,63125.8378,73646.8107,16.2471,10266.3654
2025-04-11T17:51:44Z,Binance,Kraken,63125.8378,73646.8107,16.2471,10266.3654
2025-04-11T17:51:45Z,Binance,Kraken,63133.8922,73656.2075,16.2471,10267.6753
2025-04-11T17:51:45Z,Binance,Kraken,62969.5181,73464.4378,16.2471,10240.9426
2025-04-11T17:51:46Z,Binance,Kraken,62969.5181,73464.4378,16.2471,10240.9426
2025-04-11T17:51:46Z,Binance,Kraken,62969.5181,73464.4378,16.2471,10240.9426
2025-04-11T17:51:52Z,Binance,Kraken,62315.5487,72701.4735,16.2471,10134.5854
2025-04-11T17:51:52Z,Binance,Kraken,62315.5487,72701.4735,16.2471,10134.5854
2025-04-11T17:51:53Z,Binance,Kraken,62315.5487,72701.4735,16.2471,10134.5854
2025-04-11T17:51:53Z,Binance,Kraken,62315.5487,72701.4735,16.2471,10134.5854
2025-04-11T17:51:54Z,Binance,Kraken,63438.7834,74011.9139,16.2471,10317.2608
2025-04-11T17:51:56Z,Binance,Kraken,63153.3959,73678.9619,16.2471,10270.8473
2025-04-11T17:51:57Z,Binance,Kraken,63153.3959,73678.9619,16.2471,10270.8473
2025-04-11T17:51:57Z,Binance,Kraken,63153.3959,73678.9619,16.2471,10270.8473
2025-04-11T17:51:58Z,Binance,Kraken,63153.3959,73678.9619,16.2471,10270.8473
2025-04-11T17:51:58Z,Binance,Kraken,63153.3959,73678.9619,16.2471,10270.8473
2025-04-11T17:51:59Z,Binance,Kraken,63153.3959,73678.9619,16.2471,10270.8473
2025-04-11T17:51:59Z,Binance,Kraken,63153.3959,73678.9619,16.2471,10270.8473
2025-04-11T17:52:07Z,Binance,Kraken,62385.9856,72783.6499,16.2471,10146.0408
2025-04-11T17:52:08Z,Binance,Kraken,62321.6183,72708.5547,16.2471,10135.5725
2025-04-11T17:52:09Z,Binance,Kraken,62321.6183,72708.5547,16.2471,10135.5725
2025-04-11T17:52:09Z,Binance,Kraken,62321.6183,72708.5547,16.2471,10135.5725
2025-04-11T17:52:10Z,Binance,Kraken,62321.6183,72708.5547,16.2471,10135.5725
2025-04-11T17:52:10Z,Binance,Kraken,62321.6183,72708.5547,16.2471,10135.5725
2025-04-11T17:52:11Z,Binance,Kraken,63651.0225,74259.5263,16.2471,10351.7780
2025-04-11T17:52:15Z,Binance,Kraken,63115.2955,73634.5115,16.2471,10264.6509
2025-04-11T17:52:16Z,Binance,Kraken,63115.2955,73634.5115,16.2471,10264.6509
2025-04-11T17:52:16Z,Binance,Kraken,63115.2955,73634.5115,16.2471,10264.6509
2025-04-11T17:52:17Z,Binance,Kraken,63115.2955,73634.5115,16.2471,10264.6509
2025-04-11T17:52:20Z,Binance,Kraken,63218.6554,73755.0980,16.2471,10281.4607
2025-04-11T17:52:21Z,Binance,Kraken,63218.6554,73755.0980,16.2471,10281.4607
2025-04-11T17:52:21Z,Binance,Kraken,63218.6554,73755.0980,16.2471,10281.4607
2025-04-11T17:52:22Z,Binance,Kraken,63645.6899,74253.3048,16.2471,10350.9107
2025-04-11T17:52:22Z,Binance,Kraken,63645.6899,74253.3048,16.2471,10350.9107
2025-04-11T17:52:23Z,Binance,Kraken,63645.6899,74253.3048,16.2471,10350.9107
2025-04-11T17:52:23Z,Binance,Kraken,63645.6899,74253.3048,16.2471,10350.9107
2025-04-11T17:52:24Z,Binance,Kraken,63645.6899,74253.3048,16.2471,10350.9107
2025-04-11T17:52:24Z,Binance,Kraken,63700.5749,74317.3373,16.2471,10359.8368
2025-04-11T17:52:25Z,Binance,Kraken,63700.5749,74317.3373,16.2471,10359.8368
2025-04-11T17:52:29Z,Binance,Kraken,62798.3599,73264.7532,16.2471,10213.1066
2025-04-11T17:52:29Z,Binance,Kraken,63015.5355,73518.1248,16.2471,10248.4266
2025-04-11T17:52:30Z,Binance,Kraken,63015.5355,73518.1248,16.2471,10248.4266
2025-04-11T17:52:30Z,Binance,Kraken,63015.5355,73518.1248,16.2471,10248.4266
2025-04-11T17:52:31Z,Binance,Kraken,63015.5355,73518.1248,16.2471,10248.4266
2025-04-11T17:52:31Z,Binance,Kraken,63015.5355,73518.1248,16.2471,10248.4266
2025-04-11T17:52:35Z,Binance,Kraken,63621.8665,74225.5109,16.2471,10347.0362
2025-04-11T17:52:35Z,Binance,Kraken,63621.8665,74225.5109,16.2471,10347.0362
2025-04-11T17:52:37Z,Binance,Kraken,62713.9434,73166.2673,16.2471,10199.3777
2025-04-11T17:52:39Z,Binance,Kraken,62343.9938,72734.6594,16.2471,10139.2115
2025-04-11T17:52:40Z,Binance,Kraken,62343.9938,72734.6594,16.2471,10139.2115
2025-04-11T17:52:40Z,Binance,Kraken,62343.9938,72734.6594,16.2471,10139.2115
2025-04-11T17:52:41Z,Binance,Kraken,62343.9938,72734.6594,16.2471,10139.2115
2025-04-11T17:52:41Z,Binance,Kraken,62343.9938,72734.6594,16.2471,10139.2115
2025-04-11T17:52:42Z,Binance,Kraken,62343.9938,72734.6594,16.2471,10139.2115
2025-04-11T17:52:42Z,Binance,Kraken,62598.0462,73031.0539,16.2471,10180.5289
2025-04-11T17:52:42Z,Binance,Kraken,62343.9938,72734.6594,16.2471,10139.2115
2025-04-11T17:52:43Z,Binance,Kraken,62598.0462,73031.0539,16.2471,10180.5289
2025-04-11T17:52:43Z,Binance,Kraken,62343.9938,72734.6594,16.2471,10139.2115
2025-04-11T17:52:43Z,Binance,Kraken,62598.0462,73031.0539,16.2471,10180.5289
2025-04-11T17:52:43Z,Binance,Kraken,62343.9938,72734.6594,16.2471,10139.2115
2025-04-11T17:52:44Z,Binance,Kraken,62343.9938,72734.6594,16.2471,10139.2115
2025-04-11T17:52:45Z,Binance,Kraken,62982.0327,73479.0381,16.2471,10242.9779
2025-04-11T17:52:45Z,Binance,Kraken,62982.0327,73479.0381,16.2471,10242.9779
2025-04-11T17:52:45Z,Binance,Kraken,62565.3683,72992.9296,16.2471,10175.2144
2025-04-11T17:52:46Z,Binance,Kraken,63399.4428,73966.0166,16.2471,10310.8627
2025-04-11T17:52:46Z,Binance,Kraken,62565.3683,72992.9296,16.2471,10175.2144
2025-04-11T17:52:46Z,Binance,Kraken,62831.3470,73303.2381,16.2471,10218.4714
2025-04-11T17:52:46Z,Binance,Kraken,63156.5173,73682.6036,16.2471,10271.3549
2025-04-11T17:52:47Z,Binance,Kraken,62831.3470,73303.2381,16.2471,10218.4714
2025-04-11T17:52:47Z,Binance,Kraken,63766.2032,74393.9038,16.2471,10370.5102
2025-04-11T17:52:47Z,Binance,Kraken,63766.2032,74393.9038,16.2471,10370.5102
2025-04-11T17:52:48Z,Binance,Kraken,63766.2032,74393.9038,16.2471,10370.5102
2025-04-11T17:52:48Z,Binance,Kraken,63766.2032,74393.9038,16.2471,10370.5102
2025-04-11T17:52:49Z,Binance,Kraken,63766.2032,74393.9038,16.2471,10370.5102
2025-04-11T17:52:49Z,Binance,Kraken,63766.2032,74393.9038,16.2471,10370.5102
2025-04-11T17:52:52Z,Binance,Kraken,63416.3982,73985.7980,16.2471,10313.6202
2025-04-11T17:52:53Z,Binance,Kraken,62226.9281,72598.0827,16.2471,10120.1727
2025-04-11T17:52:53Z,Binance,Kraken,62226.9281,72598.0827,16.2471,10120.1727
2025-04-11T17:52:55Z,Binance,Kraken,63764.0820,74391.4290,16.2471,10370.1652
2025-04-11T17:52:55Z,Binance,Kraken,62558.7442,72985.2016,16.2471,10174.1371
2025-04-11T17:52:55Z,Binance,Kraken,63764.0820,74391.4290,16.2471,10370.1652
2025-04-11T17:52:55Z,Binance,Kraken,62558.7442,72985.2016,16.2471,10174.1371
2025-04-11T17:52:56Z,Binance,Kraken,63764.0820,74391.4290,16.2471,10370.1652
2025-04-11T17:52:56Z,Binance,Kraken,63764.0820,74391.4290,16.2471,10370.1652
2025-04-11T17:52:57Z,Binance,Kraken,63764.0820,74391.4290,16.2471,10370.1652
2025-04-11T17:52:57Z,Binance,Kraken,63764.0820,74391.4290,16.2471,10370.1652
2025-04-11T17:52:58Z,Binance,Kraken,62659.2349,73102.4407,16.2471,10190.4802
2025-04-11T17:52:58Z,Binance,Kraken,62659.2349,73102.4407,16.2471,10190.4802
2025-04-11T17:52:59Z,Binance,Kraken,62659.2349,73102.4407,16.2471,10190.4802
2025-04-11T17:52:59Z,Binance,Kraken,62210.5850,72579.0158,16.2471,10117.5148
2025-04-11T17:52:59Z,Binance,Kraken,63577.2937,74173.5094,16.2471,10339.7872
2025-04-11T17:52:59Z,Binance,Kraken,62210.5850,72579.0158,16.2471,10117.5148
2025-04-11T17:53:00Z,Binance,Kraken,62254.5667,72630.3278,16.2471,10124.6677
2025-04-11T17:53:00Z,Binance,Kraken,63420.2254,73990.2630,16.2471,10314.2427
2025-04-11T17:53:00Z,Binance,Kraken,62254.5667,72630.3278,16.2471,10124.6677
2025-04-11T17:53:00Z,Binance,Kraken,63420.2254,73990.2630,16.2471,10314.2427
2025-04-11T17:53:01Z,Binance,Kraken,62254.5667,72630.3278,16.2471,10124.6677
2025-04-11T17:53:01Z,Binance,Kraken,63420.2254,73990.2630,16.2471,10314.2427
2025-04-11T17:53:01Z,Binance,Kraken,62254.5667,72630.3278,16.2471,10124.6677
2025-04-11T17:53:01Z,Binance,Kraken,63420.2254,73990.2630,16.2471,10314.2427
2025-04-11T17:53:08Z,Binance,Kraken,63076.9614,73589.7883,16.2471,10258.4165
2025-04-11T17:53:08Z,Binance,Kraken,63076.9614,73589.7883,16.2471,10258.4165
2025-04-11T17:53:10Z,Binance,Kraken,62320.6991,72707.4822,16.2471,10135.4230
2025-04-11T17:53:10Z,Binance,Kraken,62320.6991,72707.4822,16.2471,10135.4230
2025-04-11T17:53:11Z,Binance,Kraken,62320.6991,72707.4822,16.2471,10135.4230
2025-04-11T17:53:11Z,Binance,Kraken,62320.6991,72707.4822,16.2471,10135.4230
2025-04-12T00:13:49Z,Binance,Kraken,62690.4731,73138.8853,16.2471,10195.5606
2025-04-12T00:13:49Z,Binance,Kraken,62813.8576,73282.8338,16.2471,10215.6270
2025-04-12T00:13:50Z,Binance,Kraken,62813.8576,73282.8338,16.2471,10215.6270
2025-04-12T00:13:50Z,Binance,Kraken,62813.8576,73282.8338,16.2471,10215.6270
2025-04-12T00:13:51Z,Binance,Kraken,62406.5201,72807.6067,16.2471,10149.3804
2025-04-12T00:13:51Z,Binance,Kraken,62406.5201,72807.6067,16.2471,10149.3804
2025-04-12T00:13:52Z,Binance,Kraken,62406.5201,72807.6067,16.2471,10149.3804
2025-04-12T00:13:52Z,Binance,Kraken,62406.5201,72807.6067,16.2471,10149.3804
2025-04-12T00:13:53Z,Binance,Kraken,62406.5201,72807.6067,16.2471,10149.3804
2025-04-12T00:13:53Z,Binance,Kraken,63526.1418,74113.8320,16.2471,10331.4682
2025-04-12T00:13:54Z,Binance,Kraken,63526.1418,74113.8320,16.2471,10331.4682
2025-04-12T00:13:57Z,Binance,Kraken,62138.1417,72494.4987,16.2471,10105.7331
2025-04-12T00:13:58Z,Binance,Kraken,63856.1096,74498.7945,16.2471,10385.1320
2025-04-12T00:13:59Z,Binance,Kraken,63856.1096,74498.7945,16.2471,10385.1320
2025-04-12T00:13:59Z,Binance,Kraken,63856.1096,74498.7945,16.2471,10385.1320
2025-04-12T00:14:02Z,Binance,Kraken,62745.2366,73202.7760,16.2471,10204.4670
2025-04-12T00:14:02Z,Binance,Kraken,62745.2366,73202.7760,16.2471,10204.4670
2025-04-12T00:14:03Z,Binance,Kraken,62745.2366,73202.7760,16.2471,10204.4670
2025-04-12T00:14:05Z,Binance,Kraken,63200.0576,73733.4005,16.2471,10278.4360
2025-04-12T00:14:05Z,Binance,Kraken,62752.1300,73210.8183,16.2471,10205.5881
2025-04-12T00:14:06Z,Binance,Kraken,62752.1300,73210.8183,16.2471,10205.5881
2025-04-12T00:14:12Z,Binance,Kraken,63063.6926,73574.3081,16.2471,10256.2585
2025-04-12T00:14:16Z,Binance,Kraken,62751.0499,73209.5582,16.2471,10205.4124
2025-04-12T00:14:16Z,Binance,Kraken,62751.0499,73209.5582,16.2471,10205.4124
2025-04-12T00:14:17Z,Binance,Kraken,62751.0499,73209.5582,16.2471,10205.4124
2025-04-12T00:18:19Z,Binance,Kraken,63675.6903,74288.3054,16.2471,10355.7898
2025-04-12T00:18:20Z,Binance,Kraken,63675.6903,74288.3054,16.2471,10355.7898
2025-04-12T00:18:20Z,Binance,Kraken,63675.6903,74288.3054,16.2471,10355.7898
2025-04-12T00:18:21Z,Binance,Kraken,63675.6903,74288.3054,16.2471,10355.7898
2025-04-12T00:18:23Z,Binance,Kraken,63871.8469,74517.1547,16.2471,10387.6914
2025-04-12T00:18:23Z,Binance,Kraken,62718.3956,73171.4616,16.2471,10200.1017
2025-04-12T00:18:24Z,Binance,Kraken,63092.8980,73608.3810,16.2471,10261.0083
2025-04-12T00:18:24Z,Binance,Kraken,63256.8413,73799.6481,16.2471,10287.6710
2025-04-12T00:18:25Z,Binance,Kraken,62120.1849,72473.5491,16.2471,10102.8127
2025-04-12T00:18:25Z,Binance,Kraken,62120.1849,72473.5491,16.2471,10102.8127
2025-04-12T00:18:26Z,Binance,Kraken,62120.1849,72473.5491,16.2471,10102.8127
2025-04-12T00:18:28Z,Binance,Kraken,63103.7598,73621.0531,16.2471,10262.7748
2025-04-12T00:18:28Z,Binance,Kraken,63103.7598,73621.0531,16.2471,10262.7748
2025-04-12T00:18:29Z,Binance,Kraken,63103.7598,73621.0531,16.2471,10262.7748
2025-04-12T00:18:29Z,Binance,Kraken,63103.7598,73621.0531,16.2471,10262.7748
2025-04-12T00:18:30Z,Binance,Kraken,63103.7598,73621.0531,16.2471,10262.7748
2025-04-12T00:18:30Z,Binance,Kraken,62664.1246,73108.1454,16.2471,10191.2755
2025-04-12T00:18:31Z,Binance,Kraken,62664.1246,73108.1454,16.2471,10191.2755
2025-04-12T00:18:31Z,Binance,Kraken,62664.1246,73108.1454,16.2471,10191.2755
2025-04-12T00:18:32Z,Binance,Kraken,62898.1221,73381.1425,16.2471,10229.3313
2025-04-12T00:18:32Z,Binance,Kraken,62898.1221,73381.1425,16.2471,10229.3313
2025-04-12T00:18:33Z,Binance,Kraken,62898.1221,73381.1425,16.2471,10229.3313
2025-04-12T00:18:33Z,Binance,Kraken,62898.1221,73381.1425,16.2471,10229.3313
2025-04-12T00:18:35Z,Binance,Kraken,63407.5963,73975.5291,16.2471,10312.1888
2025-04-12T00:18:35Z,Binance,Kraken,63407.5963,73975.5291,16.2471,10312.1888
2025-04-12T00:18:44Z,Binance,Kraken,62161.4647,72521.7088,16.2471,10109.5262
2025-04-12T00:18:44Z,Binance,Kraken,62161.4647,72521.7088,16.2471,10109.5262
2025-04-12T00:18:45Z,Binance,Kraken,62161.4647,72521.7088,16.2471,10109.5262
2025-04-12T00:18:45Z,Binance,Kraken,62161.4647,72521.7088,16.2471,10109.5262
2025-04-12T00:18:46Z,Binance,Kraken,62161.4647,72521.7088,16.2471,10109.5262
2025-04-12T00:18:46Z,Binance,Kraken,62161.4647,72521.7088,16.2471,10109.5262
2025-04-12T00:18:51Z,Binance,Kraken,63026.0871,73530.4350,16.2471,10250.1426
2025-04-12T00:18:52Z,Binance,Kraken,63055.6798,73564.9598,16.2471,10254.9554
2025-04-12T00:19:11Z,Binance,Kraken,62998.0305,73497.7022,16.2471,10245.5797
2025-04-12T00:19:12Z,Binance,Kraken,62998.0305,73497.7022,16.2471,10245.5797
2025-04-12T00:19:12Z,Binance,Kraken,62998.0305,73497.7022,16.2471,10245.5797
2025-04-12T00:19:13Z,Binance,Kraken,63591.6784,74190.2914,16.2471,10342.1266
2025-04-12T00:19:14Z,Binance,Kraken,63591.6784,74190.2914,16.2471,10342.1266
2025-04-12T00:19:14Z,Binance,Kraken,62686.8585,73134.6682,16.2471,10194.9728
2025-04-12T00:19:15Z,Binance,Kraken,62686.8585,73134.6682,16.2471,10194.9728
2025-04-12T00:19:15Z,Binance,Kraken,62686.8585,73134.6682,16.2471,10194.9728
2025-04-12T00:26:08Z,Binance,Kraken,63112.5416,73631.2985,16.2471,10264.2030
2025-04-12T00:26:09Z,Binance,Kraken,63673.7190,74286.0055,16.2471,10355.4692
2025-04-12T00:26:09Z,Binance,Kraken,63164.1477,73691.5057,16.2471,10272.5959
2025-04-12T00:26:10Z,Binance,Kraken,63673.7190,74286.0055,16.2471,10355.4692
2025-04-12T00:26:10Z,Binance,Kraken,63289.6890,73837.9705,16.2471,10293.0131
2025-04-12T00:26:10Z,Binance,Kraken,63289.6890,73837.9705,16.2471,10293.0131
2025-04-12T00:26:11Z,Binance,Kraken,62432.5610,72837.9878,16.2471,10153.6155
2025-04-12T00:26:12Z,Binance,Kraken,62432.5610,72837.9878,16.2471,10153.6155
2025-04-12T00:26:12Z,Binance,Kraken,62432.5610,72837.9878,16.2471,10153.6155
2025-04-12T00:26:13Z,Binance,Kraken,63444.8355,74018.9748,16.2471,10318.2451
2025-04-12T00:26:13Z,Binance,Kraken,62432.5610,72837.9878,16.2471,10153.6155
2025-04-12T00:26:13Z,Binance,Kraken,62432.5610,72837.9878,16.2471,10153.6155
2025-04-12T00:26:14Z,Binance,Kraken,62616.9899,73053.1549,16.2471,10183.6098
2025-04-12T00:26:14Z,Binance,Kraken,62616.9899,73053.1549,16.2471,10183.6098
2025-04-12T00:26:15Z,Binance,Kraken,62616.9899,73053.1549,16.2471,10183.6098
2025-04-12T00:26:15Z,Binance,Kraken,62616.9899,73053.1549,16.2471,10183.6098
2025-04-12T00:26:18Z,Binance,Kraken,63287.3341,73835.2231,16.2471,10292.6301
2025-04-12T00:26:18Z,Binance,Kraken,63287.3341,73835.2231,16.2471,10292.6301
2025-04-12T00:26:19Z,Binance,Kraken,63287.3341,73835.2231,16.2471,10292.6301
2025-04-12T00:26:19Z,Binance,Kraken,63287.3341,73835.2231,16.2471,10292.6301
2025-04-12T00:26:23Z,Binance,Kraken,62304.8793,72689.0259,16.2471,10132.8502
2025-04-12T00:26:24Z,Binance,Kraken,63854.8915,74497.3735,16.2471,10384.9339
2025-04-12T00:26:25Z,Binance,Kraken,63854.8915,74497.3735,16.2471,10384.9339
2025-04-12T00:26:25Z,Binance,Kraken,63854.8915,74497.3735,16.2471,10384.9339
2025-04-12T00:26:26Z,Binance,Kraken,62986.7814,73484.5782,16.2471,10243.7502
2025-04-12T00:26:26Z,Binance,Kraken,62986.7814,73484.5782,16.2471,10243.7502
2025-04-12T00:26:28Z,Binance,Kraken,62897.8411,73380.8146,16.2471,10229.2856
2025-04-12T00:26:28Z,Binance,Kraken,62652.2290,73094.2672,16.2471,10189.3408
2025-04-12T00:26:28Z,Binance,Kraken,62897.8411,73380.8146,16.2471,10229.2856
2025-04-12T00:26:28Z,Binance,Kraken,62957.4000,73450.3000,16.2471,10238.9718
2025-04-12T00:26:29Z,Binance,Kraken,62897.8411,73380.8146,16.2471,10229.2856
2025-04-12T00:26:29Z,Binance,Kraken,62957.4000,73450.3000,16.2471,10238.9718
2025-04-12T00:26:29Z,Binance,Kraken,62897.8411,73380.8146,16.2471,10229.2856
2025-04-12T00:26:29Z,Binance,Kraken,62219.2026,72589.0696,16.2471,10118.9163
2025-04-12T00:26:30Z,Binance,Kraken,62897.8411,73380.8146,16.2471,10229.2856
2025-04-12T00:26:30Z,Binance,Kraken,62897.8411,73380.8146,16.2471,10229.2856
2025-04-12T00:26:31Z,Binance,Kraken,62897.8411,73380.8146,16.2471,10229.2856
2025-04-12T00:26:31Z,Binance,Kraken,63063.8791,73574.5257,16.2471,10256.2889
2025-04-12T00:26:31Z,Binance,Kraken,62897.8411,73380.8146,16.2471,10229.2856
2025-04-12T00:26:31Z,Binance,Kraken,63063.8791,73574.5257,16.2471,10256.2889
2025-04-12T00:26:32Z,Binance,Kraken,62897.8411,73380.8146,16.2471,10229.2856
2025-04-12T00:26:32Z,Binance,Kraken,63063.8791,73574.5257,16.2471,10256.2889
2025-04-12T00:26:32Z,Binance,Kraken,62897.8411,73380.8146,16.2471,10229.2856
2025-04-12T00:26:32Z,Binance,Kraken,63063.8791,73574.5257,16.2471,10256.2889
2025-04-12T00:26:33Z,Binance,Kraken,62897.8411,73380.8146,16.2471,10229.2856
2025-04-12T00:26:33Z,Binance,Kraken,63063.8791,73574.5257,16.2471,10256.2889
2025-04-12T00:26:33Z,Binance,Kraken,63809.5433,74444.4672,16.2471,10377.5587
2025-04-12T00:26:33Z,Binance,Kraken,63063.8791,73574.5257,16.2471,10256.2889
2025-04-12T00:26:34Z,Binance,Kraken,63809.5433,74444.4672,16.2471,10377.5587
2025-04-12T00:26:34Z,Binance,Kraken,63063.8791,73574.5257,16.2471,10256.2889
2025-04-12T00:26:34Z,Binance,Kraken,63063.8791,73574.5257,16.2471,10256.2889
2025-04-12T00:26:35Z,Binance,Kraken,63361.1875,73921.3854,16.2471,10304.6411
2025-04-12T00:26:35Z,Binance,Kraken,63063.8791,73574.5257,16.2471,10256.2889
2025-04-12T00:26:35Z,Binance,Kraken,63361.1875,73921.3854,16.2471,10304.6411
2025-04-12T00:26:35Z,Binance,Kraken,63063.8791,73574.5257,16.2471,10256.2889
2025-04-12T00:26:36Z,Binance,Kraken,63361.1875,73921.3854,16.2471,10304.6411
2025-04-12T00:26:36Z,Binance,Kraken,63063.8791,73574.5257,16.2471,10256.2889
2025-04-12T00:26:36Z,Binance,Kraken,63361.1875,73921.3854,16.2471,10304.6411
2025-04-12T00:26:36Z,Binance,Kraken,63063.8791,73574.5257,16.2471,10256.2889
2025-04-12T00:26:37Z,Binance,Kraken,63361.1875,73921.3854,16.2471,10304.6411
2025-04-12T00:26:37Z,Binance,Kraken,63063.8791,73574.5257,16.2471,10256.2889
2025-04-12T00:26:37Z,Binance,Kraken,63365.2947,73926.1771,16.2471,10305.3091
2025-04-12T00:26:38Z,Binance,Kraken,63365.2947,73926.1771,16.2471,10305.3091
2025-04-12T00:26:38Z,Binance,Kraken,63365.2947,73926.1771,16.2471,10305.3091
2025-04-12T00:26:39Z,Binance,Kraken,63365.2947,73926.1771,16.2471,10305.3091
2025-04-12T00:26:39Z,Binance,Kraken,63365.2947,73926.1771,16.2471,10305.3091
2025-04-12T00:26:40Z,Binance,Kraken,62673.6750,73119.2875,16.2471,10192.8287
2025-04-12T00:26:40Z,Binance,Kraken,62764.4266,73225.1644,16.2471,10207.5879
2025-04-12T00:26:40Z,Binance,Kraken,63854.6355,74497.0748,16.2471,10384.8922
2025-04-12T00:26:40Z,Binance,Kraken,62257.0048,72633.1723,16.2471,10125.0642
2025-04-12T00:26:41Z,Binance,Kraken,63116.2149,73635.5841,16.2471,10264.8004
2025-04-12T00:26:41Z,Binance,Kraken,62257.0048,72633.1723,16.2471,10125.0642
2025-04-12T00:26:41Z,Binance,Kraken,63116.2149,73635.5841,16.2471,10264.8004
2025-04-12T00:26:41Z,Binance,Kraken,62257.0048,72633.1723,16.2471,10125.0642
2025-04-12T00:26:42Z,Binance,Kraken,63116.2149,73635.5841,16.2471,10264.8004
2025-04-12T00:26:42Z,Binance,Kraken,63116.2149,73635.5841,16.2471,10264.8004
2025-04-12T00:26:43Z,Binance,Kraken,63116.2149,73635.5841,16.2471,10264.8004
2025-04-12T00:26:43Z,Binance,Kraken,62625.6220,73063.2257,16.2471,10185.0137
2025-04-12T00:26:43Z,Binance,Kraken,62614.9001,73050.7167,16.2471,10183.2699
2025-04-12T00:26:44Z,Binance,Kraken,62845.5435,73319.8008,16.2471,10220.7802
2025-04-12T00:26:44Z,Binance,Kraken,62614.9001,73050.7167,16.2471,10183.2699
2025-04-12T00:26:44Z,Binance,Kraken,62614.9001,73050.7167,16.2471,10183.2699
2025-04-12T00:26:45Z,Binance,Kraken,62982.9014,73480.0516,16.2471,10243.1192
2025-04-12T00:26:45Z,Binance,Kraken,62614.9001,73050.7167,16.2471,10183.2699
2025-04-12T00:26:45Z,Binance,Kraken,62614.9001,73050.7167,16.2471,10183.2699
2025-04-12T00:26:46Z,Binance,Kraken,62614.9001,73050.7167,16.2471,10183.2699
2025-04-12T00:26:46Z,Binance,Kraken,62614.9001,73050.7167,16.2471,10183.2699
2025-04-12T00:26:47Z,Binance,Kraken,62614.9001,73050.7167,16.2471,10183.2699
2025-04-12T00:26:48Z,Binance,Kraken,63844.3223,74485.0427,16.2471,10383.2149
2025-04-12T00:26:48Z,Binance,Kraken,63844.3223,74485.0427,16.2471,10383.2149
2025-04-12T00:26:49Z,Binance,Kraken,63844.3223,74485.0427,16.2471,10383.2149
2025-04-12T00:26:49Z,Binance,Kraken,63844.3223,74485.0427,16.2471,10383.2149
2025-04-12T00:26:50Z,Binance,Kraken,63844.3223,74485.0427,16.2471,10383.2149
2025-04-12T00:26:50Z,Binance,Kraken,63865.3549,74509.5807,16.2471,10386.6355
2025-04-12T00:26:50Z,Binance,Kraken,63844.3223,74485.0427,16.2471,10383.2149
2025-04-12T00:26:50Z,Binance,Kraken,63865.3549,74509.5807,16.2471,10386.6355
2025-04-12T00:26:51Z,Binance,Kraken,63844.3223,74485.0427,16.2471,10383.2149
2025-04-12T00:26:51Z,Binance,Kraken,63865.3549,74509.5807,16.2471,10386.6355
2025-04-12T00:26:51Z,Binance,Kraken,63870.7846,74515.9154,16.2471,10387.5186
2025-04-12T00:26:51Z,Binance,Kraken,63865.3549,74509.5807,16.2471,10386.6355
2025-04-12T00:26:52Z,Binance,Kraken,63870.7846,74515.9154,16.2471,10387.5186
2025-04-12T00:26:52Z,Binance,Kraken,63865.3549,74509.5807,16.2471,10386.6355
2025-04-12T00:26:52Z,Binance,Kraken,63870.7846,74515.9154,16.2471,10387.5186
2025-04-12T00:26:53Z,Binance,Kraken,63870.7846,74515.9154,16.2471,10387.5186
2025-04-12T00:26:53Z,Binance,Kraken,63530.3848,74118.7822,16.2471,10332.1582
2025-04-12T00:26:53Z,Binance,Kraken,63375.9989,73938.6654,16.2471,10307.0500
2025-04-12T00:26:54Z,Binance,Kraken,63791.2426,74423.1164,16.2471,10374.5824
2025-04-12T00:26:55Z,Binance,Kraken,63791.2426,74423.1164,16.2471,10374.5824
2025-04-12T00:26:55Z,Binance,Kraken,63791.2426,74423.1164,16.2471,10374.5824
2025-04-12T00:26:56Z,Binance,Kraken,63791.2426,74423.1164,16.2471,10374.5824
2025-04-12T00:26:56Z,Binance,Kraken,63791.2426,74423.1164,16.2471,10374.5824
2025-04-12T00:26:57Z,Binance,Kraken,63791.2426,74423.1164,16.2471,10374.5824
2025-04-12T00:26:57Z,Binance,Kraken,63791.2426,74423.1164,16.2471,10374.5824
2025-04-12T00:26:58Z,Binance,Kraken,62214.1452,72583.1694,16.2471,10118.0938
2025-04-12T00:26:59Z,Binance,Kraken,63233.5530,73772.4785,16.2471,10283.8835
2025-04-12T00:27:00Z,Binance,Kraken,63233.5530,73772.4785,16.2471,10283.8835
2025-04-12T00:27:00Z,Binance,Kraken,63233.5530,73772.4785,16.2471,10283.8835
2025-04-12T00:27:01Z,Binance,Kraken,63233.5530,73772.4785,16.2471,10283.8835
2025-04-12T00:27:01Z,Binance,Kraken,63233.5530,73772.4785,16.2471,10283.8835
2025-04-12T00:27:02Z,Binance,Kraken,63233.5530,73772.4785,16.2471,10283.8835
2025-04-12T00:27:02Z,Binance,Kraken,63233.5530,73772.4785,16.2471,10283.8835
2025-04-12T00:27:03Z,Binance,Kraken,63233.5530,73772.4785,16.2471,10283.8835
2025-04-12T00:27:03Z,Binance,Kraken,63715.3964,74334.6292,16.2471,10362.2473
2025-04-12T00:27:04Z,Binance,Kraken,62756.0247,73215.3622,16.2471,10206.2215
2025-04-12T00:27:06Z,Binance,Kraken,63768.1411,74396.1646,16.2471,10370.8253
2025-04-12T00:27:07Z,Binance,Kraken,63768.1411,74396.1646,16.2471,10370.8253
2025-04-12T00:27:07Z,Binance,Kraken,63768.1411,74396.1646,16.2471,10370.8253
2025-04-12T00:27:08Z,Binance,Kraken,63768.1411,74396.1646,16.2471,10370.8253
2025-04-12T00:27:08Z,Binance,Kraken,63768.1411,74396.1646,16.2471,10370.8253
2025-04-12T00:27:08Z,Binance,Kraken,62293.1027,72675.2864,16.2471,10130.9349
2025-04-12T00:27:09Z,Binance,Kraken,63768.1411,74396.1646,16.2471,10370.8253
2025-04-12T00:27:09Z,Binance,Kraken,62293.1027,72675.2864,16.2471,10130.9349
2025-04-12T00:27:09Z,Binance,Kraken,63768.1411,74396.1646,16.2471,10370.8253
2025-04-12T00:27:09Z,Binance,Kraken,62293.1027,72675.2864,16.2471,10130.9349
2025-04-12T00:27:10Z,Binance,Kraken,63768.1411,74396.1646,16.2471,10370.8253
2025-04-12T00:27:10Z,Binance,Kraken,62293.1027,72675.2864,16.2471,10130.9349
2025-04-12T00:27:10Z,Binance,Kraken,63768.1411,74396.1646,16.2471,10370.8253
2025-04-12T00:27:10Z,Binance,Kraken,62293.1027,72675.2864,16.2471,10130.9349
2025-04-12T00:27:11Z,Binance,Kraken,63768.1411,74396.1646,16.2471,10370.8253
2025-04-12T00:27:11Z,Binance,Kraken,62293.1027,72675.2864,16.2471,10130.9349
2025-04-12T00:27:11Z,Binance,Kraken,63768.1411,74396.1646,16.2471,10370.8253
2025-04-12T00:27:11Z,Binance,Kraken,62594.8870,73027.3682,16.2471,10180.0151
2025-04-12T00:27:12Z,Binance,Kraken,63768.1411,74396.1646,16.2471,10370.8253
2025-04-12T00:27:12Z,Binance,Kraken,62594.8870,73027.3682,16.2471,10180.0151
2025-04-12T00:27:12Z,Binance,Kraken,62651.5578,73093.4841,16.2471,10189.2317
2025-04-12T00:27:14Z,Binance,Kraken,63513.8698,74099.5148,16.2471,10329.4724
2025-04-12T00:27:15Z,Binance,Kraken,62826.4503,73297.5254,16.2471,10217.6750
2025-04-12T00:27:15Z,Binance,Kraken,62826.4503,73297.5254,16.2471,10217.6750
2025-04-12T00:27:16Z,Binance,Kraken,63776.1170,74405.4699,16.2471,10372.1225
2025-04-12T00:27:16Z,Binance,Kraken,62356.2747,72748.9871,16.2471,10141.2088
2025-04-12T00:27:17Z,Binance,Kraken,62356.2747,72748.9871,16.2471,10141.2088
2025-04-12T00:27:17Z,Binance,Kraken,62215.5726,72584.8347,16.2471,10118.3260
2025-04-12T00:27:17Z,Binance,Kraken,62738.1670,73194.5281,16.2471,10203.3172
2025-04-12T00:27:18Z,Binance,Kraken,62215.5726,72584.8347,16.2471,10118.3260
2025-04-12T00:27:18Z,Binance,Kraken,62215.5726,72584.8347,16.2471,10118.3260
2025-04-12T00:27:18Z,Binance,Kraken,63312.2937,73864.3427,16.2471,10296.6894
2025-04-12T00:27:19Z,Binance,Kraken,62215.5726,72584.8347,16.2471,10118.3260
2025-04-12T00:27:19Z,Binance,Kraken,63312.2937,73864.3427,16.2471,10296.6894
2025-04-12T00:27:19Z,Binance,Kraken,62215.5726,72584.8347,16.2471,10118.3260
2025-04-12T00:27:19Z,Binance,Kraken,63312.2937,73864.3427,16.2471,10296.6894
2025-04-12T00:27:20Z,Binance,Kraken,62215.5726,72584.8347,16.2471,10118.3260
2025-04-12T00:27:20Z,Binance,Kraken,63312.2937,73864.3427,16.2471,10296.6894
2025-04-12T00:27:20Z,Binance,Kraken,62215.5726,72584.8347,16.2471,10118.3260
2025-04-12T00:27:20Z,Binance,Kraken,63312.2937,73864.3427,16.2471,10296.6894
2025-04-12T00:27:21Z,Binance,Kraken,63663.5936,74274.1925,16.2471,10353.8224
2025-04-12T00:27:24Z,Binance,Kraken,63195.7989,73728.4321,16.2471,10277.7434
2025-04-12T00:27:25Z,Binance,Kraken,63505.7815,74090.0784,16.2471,10328.1569
2025-04-12T00:27:25Z,Binance,Kraken,62706.8737,73158.0193,16.2471,10198.2279
2025-04-12T00:27:25Z,Binance,Kraken,62666.1984,73110.5648,16.2471,10191.6127
2025-04-12T00:27:26Z,Binance,Kraken,63819.0257,74455.5299,16.2471,10379.1009
2025-04-12T00:27:35Z,Binance,Kraken,63068.7440,73580.2014,16.2471,10257.0801
2025-04-12T00:27:35Z,Binance,Kraken,63642.1506,74249.1757,16.2471,10350.3351
2025-04-12T00:27:36Z,Binance,Kraken,63642.1506,74249.1757,16.2471,10350.3351
2025-04-12T00:27:36Z,Binance,Kraken,62137.7480,72494.0393,16.2471,10105.6691
2025-04-12T00:27:36Z,Binance,Kraken,62137.7480,72494.0393,16.2471,10105.6691
2025-04-12T00:27:37Z,Binance,Kraken,62137.7480,72494.0393,16.2471,10105.6691
2025-04-12T00:27:37Z,Binance,Kraken,63152.6912,73678.1398,16.2471,10270.7327
2025-04-12T00:27:38Z,Binance,Kraken,63177.9026,73707.5530,16.2471,10274.8329
2025-04-12T00:27:38Z,Binance,Kraken,62206.3951,72574.1277,16.2471,10116.8334
2025-04-12T00:27:38Z,Binance,Kraken,63177.9026,73707.5530,16.2471,10274.8329
2025-04-12T00:27:39Z,Binance,Kraken,63069.0247,73580.5288,16.2471,10257.1257
2025-04-12T00:27:39Z,Binance,Kraken,62711.4051,73163.3060,16.2471,10198.9649
2025-04-12T00:27:39Z,Binance,Kraken,63069.0247,73580.5288,16.2471,10257.1257
2025-04-12T00:27:40Z,Binance,Kraken,63069.0247,73580.5288,16.2471,10257.1257
2025-04-12T00:27:40Z,Binance,Kraken,62816.7638,73286.2244,16.2471,10216.0997
2025-04-12T00:27:41Z,Binance,Kraken,62816.7638,73286.2244,16.2471,10216.0997
2025-04-12T00:27:41Z,Binance,Kraken,62816.7638,73286.2244,16.2471,10216.0997
2025-04-12T00:27:43Z,Binance,Kraken,63853.9684,74496.2965,16.2471,10384.7837
2025-04-12T00:27:43Z,Binance,Kraken,63853.9684,74496.2965,16.2471,10384.7837
2025-04-12T00:27:44Z,Binance,Kraken,63853.9684,74496.2965,16.2471,10384.7837
2025-04-12T00:27:44Z,Binance,Kraken,62719.6626,73172.9397,16.2471,10200.3078
2025-04-12T00:27:44Z,Binance,Kraken,63853.9684,74496.2965,16.2471,10384.7837
2025-04-12T00:27:45Z,Binance,Kraken,63853.9684,74496.2965,16.2471,10384.7837
2025-04-12T00:27:45Z,Binance,Kraken,63853.9684,74496.2965,16.2471,10384.7837
2025-04-12T00:27:46Z,Binance,Kraken,63853.9684,74496.2965,16.2471,10384.7837
2025-04-12T00:27:46Z,Binance,Kraken,62988.3025,73486.3529,16.2471,10243.9976
2025-04-12T00:27:46Z,Binance,Kraken,63853.9684,74496.2965,16.2471,10384.7837
2025-04-12T00:27:47Z,Binance,Kraken,62988.3025,73486.3529,16.2471,10243.9976
2025-04-12T00:27:47Z,Binance,Kraken,63640.3456,74247.0699,16.2471,10350.0415
2025-04-12T00:27:47Z,Binance,Kraken,62988.3025,73486.3529,16.2471,10243.9976
2025-04-12T00:27:47Z,Binance,Kraken,63640.3456,74247.0699,16.2471,10350.0415
2025-04-12T00:27:48Z,Binance,Kraken,62988.3025,73486.3529,16.2471,10243.9976
2025-04-12T00:27:48Z,Binance,Kraken,63838.2569,74477.9664,16.2471,10382.2285
2025-04-12T00:27:49Z,Binance,Kraken,63390.0285,73955.0333,16.2471,10309.3316
2025-04-12T00:27:49Z,Binance,Kraken,63390.0285,73955.0333,16.2471,10309.3316
2025-04-12T00:27:52Z,Binance,Kraken,63048.3587,73556.4185,16.2471,10253.7647
2025-04-12T00:27:56Z,Binance,Kraken,62619.8220,73056.4590,16.2471,10184.0704
2025-04-12T00:27:56Z,Binance,Kraken,62638.1991,73077.8990,16.2471,10187.0591
2025-04-12T00:27:56Z,Binance,Kraken,62619.8220,73056.4590,16.2471,10184.0704
2025-04-12T00:27:56Z,Binance,Kraken,62638.1991,73077.8990,16.2471,10187.0591
2025-04-12T00:27:57Z,Binance,Kraken,62331.8041,72720.4381,16.2471,10137.2291
2025-04-12T00:27:57Z,Binance,Kraken,62638.1991,73077.8990,16.2471,10187.0591
2025-04-12T00:27:57Z,Binance,Kraken,62331.8041,72720.4381,16.2471,10137.2291
2025-04-12T00:27:57Z,Binance,Kraken,62638.1991,73077.8990,16.2471,10187.0591
2025-04-12T00:27:58Z,Binance,Kraken,62331.8041,72720.4381,16.2471,10137.2291
2025-04-12T00:27:58Z,Binance,Kraken,62638.1991,73077.8990,16.2471,10187.0591
2025-04-12T00:27:58Z,Binance,Kraken,62323.6418,72710.9154,16.2471,10135.9016
2025-04-12T00:27:58Z,Binance,Kraken,62638.1991,73077.8990,16.2471,10187.0591
2025-04-12T00:27:59Z,Binance,Kraken,62323.6418,72710.9154,16.2471,10135.9016
2025-04-12T00:27:59Z,Binance,Kraken,62638.1991,73077.8990,16.2471,10187.0591
2025-04-12T00:27:59Z,Binance,Kraken,62323.6418,72710.9154,16.2471,10135.9016
2025-04-12T00:27:59Z,Binance,Kraken,62638.1991,73077.8990,16.2471,10187.0591
2025-04-12T00:28:00Z,Binance,Kraken,62638.1991,73077.8990,16.2471,10187.0591
2025-04-12T00:28:01Z,Binance,Kraken,63642.3767,74249.4394,16.2471,10350.3719
2025-04-12T00:28:01Z,Binance,Kraken,63441.2158,74014.7518,16.2471,10317.6564
2025-04-12T00:28:02Z,Binance,Kraken,63441.2158,74014.7518,16.2471,10317.6564
2025-04-12T00:28:02Z,Binance,Kraken,63441.2158,74014.7518,16.2471,10317.6564
2025-04-12T00:28:03Z,Binance,Kraken,63324.3015,73878.3518,16.2471,10298.6422
2025-04-12T00:28:03Z,Binance,Kraken,63441.2158,74014.7518,16.2471,10317.6564
2025-04-12T00:28:03Z,Binance,Kraken,63324.3015,73878.3518,16.2471,10298.6422
2025-04-12T00:28:03Z,Binance,Kraken,63441.2158,74014.7518,16.2471,10317.6564
2025-04-12T00:28:04Z,Binance,Kraken,62870.0799,73348.4265,16.2471,10224.7707
2025-04-12T00:28:04Z,Binance,Kraken,63475.0142,74054.1832,16.2471,10323.1531
2025-04-12T00:28:04Z,Binance,Kraken,62870.0799,73348.4265,16.2471,10224.7707
2025-04-12T00:28:04Z,Binance,Kraken,63475.0142,74054.1832,16.2471,10323.1531
2025-04-12T00:28:05Z,Binance,Kraken,62870.0799,73348.4265,16.2471,10224.7707
2025-04-12T00:28:05Z,Binance,Kraken,63398.6676,73965.1122,16.2471,10310.7366
2025-04-12T00:28:06Z,Binance,Kraken,63398.6676,73965.1122,16.2471,10310.7366
2025-04-12T00:28:06Z,Binance,Kraken,63398.6676,73965.1122,16.2471,10310.7366
2025-04-12T00:28:07Z,Binance,Kraken,63036.6391,73542.7457,16.2471,10251.8587
2025-04-12T00:28:07Z,Binance,Kraken,63528.9936,74117.1591,16.2471,10331.9320
2025-04-12T00:28:07Z,Binance,Kraken,63036.6391,73542.7457,16.2471,10251.8587
2025-04-12T00:28:07Z,Binance,Kraken,63528.9936,74117.1591,16.2471,10331.9320
2025-04-12T00:28:08Z,Binance,Kraken,63036.6391,73542.7457,16.2471,10251.8587
2025-04-12T00:28:08Z,Binance,Kraken,62281.1949,72661.3940,16.2471,10128.9983
2025-04-12T00:28:09Z,Binance,Kraken,63764.1591,74391.5190,16.2471,10370.1777
2025-04-12T00:28:10Z,Binance,Kraken,63764.1591,74391.5190,16.2471,10370.1777
2025-04-12T00:28:10Z,Binance,Kraken,63361.5180,73921.7710,16.2471,10304.6949
2025-04-12T00:28:11Z,Binance,Kraken,63361.5180,73921.7710,16.2471,10304.6949
2025-04-12T00:28:12Z,Binance,Kraken,62907.0724,73391.5844,16.2471,10230.7869
2025-04-12T00:28:12Z,Binance,Kraken,62907.0724,73391.5844,16.2471,10230.7869
2025-04-12T00:28:13Z,Binance,Kraken,63668.5469,74279.9714,16.2471,10354.6280
2025-04-12T00:28:13Z,Binance,Kraken,62836.8040,73309.6046,16.2471,10219.3589
2025-04-12T00:28:22Z,Binance,Kraken,62931.2426,73419.7830,16.2471,10234.7177
2025-04-12T00:28:22Z,Binance,Kraken,62483.8025,72897.7696,16.2471,10161.9491
2025-04-12T00:28:22Z,Binance,Kraken,62931.2426,73419.7830,16.2471,10234.7177
2025-04-12T00:28:22Z,Binance,Kraken,63085.3857,73599.6166,16.2471,10259.7866
2025-04-12T00:28:23Z,Binance,Kraken,62931.2426,73419.7830,16.2471,10234.7177
2025-04-12T00:28:23Z,Binance,Kraken,63085.3857,73599.6166,16.2471,10259.7866
2025-04-12T00:28:23Z,Binance,Kraken,63085.3857,73599.6166,16.2471,10259.7866
2025-04-12T00:28:24Z,Binance,Kraken,63085.3857,73599.6166,16.2471,10259.7866
2025-04-12T00:28:24Z,Binance,Kraken,63533.5171,74122.4366,16.2471,10332.6677
2025-04-12T00:28:24Z,Binance,Kraken,63085.3857,73599.6166,16.2471,10259.7866
2025-04-12T00:28:25Z,Binance,Kraken,63533.5171,74122.4366,16.2471,10332.6677
2025-04-12T00:28:25Z,Binance,Kraken,63085.3857,73599.6166,16.2471,10259.7866
2025-04-12T00:28:25Z,Binance,Kraken,63533.5171,74122.4366,16.2471,10332.6677
2025-04-12T00:28:25Z,Binance,Kraken,63085.3857,73599.6166,16.2471,10259.7866
2025-04-12T00:28:26Z,Binance,Kraken,63533.5171,74122.4366,16.2471,10332.6677
2025-04-12T00:28:26Z,Binance,Kraken,63265.4704,73809.7155,16.2471,10289.0743
2025-04-12T00:28:26Z,Binance,Kraken,63169.5291,73697.7839,16.2471,10273.4711
2025-04-12T00:28:27Z,Binance,Kraken,63265.4704,73809.7155,16.2471,10289.0743
2025-04-12T00:28:27Z,Binance,Kraken,63169.5291,73697.7839,16.2471,10273.4711
2025-04-12T00:28:27Z,Binance,Kraken,63265.4704,73809.7155,16.2471,10289.0743
2025-04-12T00:28:27Z,Binance,Kraken,63169.5291,73697.7839,16.2471,10273.4711
2025-04-12T00:28:28Z,Binance,Kraken,63265.4704,73809.7155,16.2471,10289.0743
2025-04-12T00:28:28Z,Binance,Kraken,62296.8426,72679.6497,16.2471,10131.5432
2025-04-12T00:28:29Z,Binance,Kraken,62296.8426,72679.6497,16.2471,10131.5432
2025-04-12T00:28:29Z,Binance,Kraken,62296.8426,72679.6497,16.2471,10131.5432
2025-04-12T00:28:30Z,Binance,Kraken,62296.8426,72679.6497,16.2471,10131.5432
2025-04-12T00:28:30Z,Binance,Kraken,62296.8426,72679.6497,16.2471,10131.5432
2025-04-12T00:28:32Z,Binance,Kraken,63544.0743,74134.7534,16.2471,10334.3846
2025-04-12T00:28:33Z,Binance,Kraken,63544.0743,74134.7534,16.2471,10334.3846
2025-04-12T00:28:33Z,Binance,Kraken,63544.0743,74134.7534,16.2471,10334.3846
2025-04-12T00:28:34Z,Binance,Kraken,63544.0743,74134.7534,16.2471,10334.3846
2025-04-12T00:28:34Z,Binance,Kraken,62427.8100,72832.4451,16.2471,10152.8428
2025-04-12T00:28:34Z,Binance,Kraken,63544.0743,74134.7534,16.2471,10334.3846
2025-04-12T00:28:35Z,Binance,Kraken,62427.8100,72832.4451,16.2471,10152.8428
2025-04-12T00:28:35Z,Binance,Kraken,62427.8100,72832.4451,16.2471,10152.8428
2025-04-12T00:28:37Z,Binance,Kraken,62612.9434,73048.4340,16.2471,10182.9517
2025-04-12T00:28:37Z,Binance,Kraken,62612.9434,73048.4340,16.2471,10182.9517
2025-04-12T00:28:37Z,Binance,Kraken,62224.4515,72595.1935,16.2471,10119.7700
2025-04-12T00:28:38Z,Binance,Kraken,62612.9434,73048.4340,16.2471,10182.9517
2025-04-12T00:28:38Z,Binance,Kraken,62224.4515,72595.1935,16.2471,10119.7700
2025-04-12T00:28:38Z,Binance,Kraken,62612.9434,73048.4340,16.2471,10182.9517
2025-04-12T00:28:39Z,Binance,Kraken,62612.9434,73048.4340,16.2471,10182.9517
2025-04-12T00:28:40Z,Binance,Kraken,63145.0594,73669.2359,16.2471,10269.4915
2025-04-12T00:28:41Z,Binance,Kraken,63145.0594,73669.2359,16.2471,10269.4915
2025-04-12T00:28:41Z,Binance,Kraken,63145.0594,73669.2359,16.2471,10269.4915
2025-04-12T00:28:42Z,Binance,Kraken,63605.9257,74206.9133,16.2471,10344.4437
2025-04-12T00:28:42Z,Binance,Kraken,63145.0594,73669.2359,16.2471,10269.4915
2025-04-12T00:28:42Z,Binance,Kraken,63605.9257,74206.9133,16.2471,10344.4437
2025-04-12T00:28:42Z,Binance,Kraken,62871.5188,73350.1053,16.2471,10225.0047
2025-04-12T00:28:43Z,Binance,Kraken,63605.9257,74206.9133,16.2471,10344.4437
2025-04-12T00:28:43Z,Binance,Kraken,62871.5188,73350.1053,16.2471,10225.0047
2025-04-12T00:28:47Z,Binance,Kraken,62850.8261,73325.9638,16.2471,10221.6393
2025-04-12T00:28:47Z,Binance,Kraken,62850.8261,73325.9638,16.2471,10221.6393
2025-04-12T00:28:48Z,Binance,Kraken,62850.8261,73325.9638,16.2471,10221.6393
2025-04-12T00:28:48Z,Binance,Kraken,62850.8261,73325.9638,16.2471,10221.6393
2025-04-12T00:28:49Z,Binance,Kraken,62850.8261,73325.9638,16.2471,10221.6393
2025-04-12T00:28:49Z,Binance,Kraken,62850.8261,73325.9638,16.2471,10221.6393
2025-04-12T00:28:50Z,Binance,Kraken,62850.8261,73325.9638,16.2471,10221.6393
2025-04-12T00:28:50Z,Binance,Kraken,62850.8261,73325.9638,16.2471,10221.6393
2025-04-12T00:28:51Z,Binance,Kraken,62850.8261,73325.9638,16.2471,10221.6393
2025-04-12T00:28:51Z,Binance,Kraken,62850.8261,73325.9638,16.2471,10221.6393
2025-04-12T00:28:51Z,Binance,Kraken,63250.1160,73791.8020,16.2471,10286.5772
2025-04-12T00:28:52Z,Binance,Kraken,62874.7451,73353.8692,16.2471,10225.5294
2025-04-12T00:28:52Z,Binance,Kraken,63250.1160,73791.8020,16.2471,10286.5772
2025-04-12T00:28:52Z,Binance,Kraken,62874.7451,73353.8692,16.2471,10225.5294
2025-04-12T00:28:52Z,Binance,Kraken,63250.1160,73791.8020,16.2471,10286.5772
2025-04-12T00:28:53Z,Binance,Kraken,63840.6169,74480.7197,16.2471,10382.6123
2025-04-12T00:28:53Z,Binance,Kraken,63250.1160,73791.8020,16.2471,10286.5772
2025-04-12T00:28:53Z,Binance,Kraken,63250.1160,73791.8020,16.2471,10286.5772
2025-04-12T00:28:54Z,Binance,Kraken,62370.8049,72765.9390,16.2471,10143.5719
2025-04-12T00:28:54Z,Binance,Kraken,63536.2679,74125.6459,16.2471,10333.1150
2025-04-12T00:28:54Z,Binance,Kraken,62370.8049,72765.9390,16.2471,10143.5719
2025-04-12T00:28:54Z,Binance,Kraken,63536.2679,74125.6459,16.2471,10333.1150
2025-04-12T00:28:55Z,Binance,Kraken,62660.6402,73104.0803,16.2471,10190.7088
2025-04-12T00:28:55Z,Binance,Kraken,63536.2679,74125.6459,16.2471,10333.1150
2025-04-12T00:28:55Z,Binance,Kraken,62660.6402,73104.0803,16.2471,10190.7088
2025-04-12T00:28:55Z,Binance,Kraken,63536.2679,74125.6459,16.2471,10333.1150
2025-04-12T00:28:56Z,Binance,Kraken,62405.0781,72805.9244,16.2471,10149.1459
2025-04-12T00:28:56Z,Binance,Kraken,63536.2679,74125.6459,16.2471,10333.1150
2025-04-12T00:28:56Z,Binance,Kraken,62405.0781,72805.9244,16.2471,10149.1459
2025-04-12T00:28:56Z,Binance,Kraken,63536.2679,74125.6459,16.2471,10333.1150
2025-04-12T00:28:57Z,Binance,Kraken,63187.3779,73718.6075,16.2471,10276.3739
2025-04-12T00:28:57Z,Binance,Kraken,63536.2679,74125.6459,16.2471,10333.1150
2025-04-12T00:28:57Z,Binance,Kraken,63187.3779,73718.6075,16.2471,10276.3739
2025-04-12T00:28:57Z,Binance,Kraken,63247.1326,73788.3213,16.2471,10286.0920
2025-04-12T00:28:58Z,Binance,Kraken,63187.3779,73718.6075,16.2471,10276.3739
2025-04-12T00:28:58Z,Binance,Kraken,63641.8281,74248.7995,16.2471,10350.2826
2025-04-12T00:28:58Z,Binance,Kraken,63187.3779,73718.6075,16.2471,10276.3739
2025-04-12T00:28:59Z,Binance,Kraken,63187.3779,73718.6075,16.2471,10276.3739
2025-04-12T00:28:59Z,Binance,Kraken,63187.3779,73718.6075,16.2471,10276.3739
2025-04-12T00:29:00Z,Binance,Kraken,63187.3779,73718.6075,16.2471,10276.3739
2025-04-12T00:29:00Z,Binance,Kraken,63187.3779,73718.6075,16.2471,10276.3739
2025-04-12T00:29:01Z,Binance,Kraken,63187.3779,73718.6075,16.2471,10276.3739
2025-04-12T00:29:01Z,Binance,Kraken,63187.3779,73718.6075,16.2471,10276.3739
2025-04-12T00:29:02Z,Binance,Kraken,63187.3779,73718.6075,16.2471,10276.3739
2025-04-12T00:29:02Z,Binance,Kraken,63187.3779,73718.6075,16.2471,10276.3739
2025-04-12T00:29:03Z,Binance,Kraken,63187.3779,73718.6075,16.2471,10276.3739
